{"assets/fonts/godo/GodoB.ttf":["assets/fonts/godo/GodoB.ttf"],"assets/fonts/godo/GodoM.ttf":["assets/fonts/godo/GodoM.ttf"],"assets/fonts/nunito/Nunito-Black.ttf":["assets/fonts/nunito/Nunito-Black.ttf"],"assets/fonts/nunito/Nunito-Bold.ttf":["assets/fonts/nunito/Nunito-Bold.ttf"],"assets/fonts/nunito/Nunito-ExtraBold.ttf":["assets/fonts/nunito/Nunito-ExtraBold.ttf"],"assets/fonts/nunito/Nunito-ExtraLight.ttf":["assets/fonts/nunito/Nunito-ExtraLight.ttf"],"assets/fonts/nunito/Nunito-Light.ttf":["assets/fonts/nunito/Nunito-Light.ttf"],"assets/fonts/nunito/Nunito-Medium.ttf":["assets/fonts/nunito/Nunito-Medium.ttf"],"assets/fonts/nunito/Nunito-Regular.ttf":["assets/fonts/nunito/Nunito-Regular.ttf"],"assets/fonts/nunito/Nunito-SemiBold.ttf":["assets/fonts/nunito/Nunito-SemiBold.ttf"],"assets/icons/Info.svg":["assets/icons/Info.svg"],"assets/icons/a.svg":["assets/icons/a.svg"],"assets/icons/academic.svg":["assets/icons/academic.svg"],"assets/icons/ai.svg":["assets/icons/ai.svg"],"assets/icons/alert.svg":["assets/icons/alert.svg"],"assets/icons/back.svg":["assets/icons/back.svg"],"assets/icons/basic_badge.png":["assets/icons/basic_badge.png"],"assets/icons/basic_key.png":["assets/icons/basic_key.png"],"assets/icons/basic_price.png":["assets/icons/basic_price.png"],"assets/icons/bell.svg":["assets/icons/bell.svg"],"assets/icons/big_plus.svg":["assets/icons/big_plus.svg"],"assets/icons/block_friends.svg":["assets/icons/block_friends.svg"],"assets/icons/blue_badge.png":["assets/icons/blue_badge.png"],"assets/icons/blue_key.png":["assets/icons/blue_key.png"],"assets/icons/blue_prcie.png":["assets/icons/blue_prcie.png"],"assets/icons/cancel.svg":["assets/icons/cancel.svg"],"assets/icons/certificate.svg":["assets/icons/certificate.svg"],"assets/icons/check.svg":["assets/icons/check.svg"],"assets/icons/circleCancel.svg":["assets/icons/circleCancel.svg"],"assets/icons/circle_minus.svg":["assets/icons/circle_minus.svg"],"assets/icons/circle_plus.svg":["assets/icons/circle_plus.svg"],"assets/icons/closeEye.svg":["assets/icons/closeEye.svg"],"assets/icons/clothes.svg":["assets/icons/clothes.svg"],"assets/icons/couple.svg":["assets/icons/couple.svg"],"assets/icons/date.svg":["assets/icons/date.svg"],"assets/icons/diamod_badge.png":["assets/icons/diamod_badge.png"],"assets/icons/diamond_key.png":["assets/icons/diamond_key.png"],"assets/icons/diamond_price.png":["assets/icons/diamond_price.png"],"assets/icons/diamond_price.svg":["assets/icons/diamond_price.svg"],"assets/icons/dislike.svg":["assets/icons/dislike.svg"],"assets/icons/dislike_pressed.svg":["assets/icons/dislike_pressed.svg"],"assets/icons/double_arrow.svg":["assets/icons/double_arrow.svg"],"assets/icons/downArrow.svg":["assets/icons/downArrow.svg"],"assets/icons/female.svg":["assets/icons/female.svg"],"assets/icons/gold_badge.png":["assets/icons/gold_badge.png"],"assets/icons/gold_key.png":["assets/icons/gold_key.png"],"assets/icons/gold_price.png":["assets/icons/gold_price.png"],"assets/icons/green_heart.gif":["assets/icons/green_heart.gif"],"assets/icons/hamburger.svg":["assets/icons/hamburger.svg"],"assets/icons/heart.svg":["assets/icons/heart.svg"],"assets/icons/job.svg":["assets/icons/job.svg"],"assets/icons/like.svg":["assets/icons/like.svg"],"assets/icons/like_pressed.svg":["assets/icons/like_pressed.svg"],"assets/icons/lineCheck.svg":["assets/icons/lineCheck.svg"],"assets/icons/lock.svg":["assets/icons/lock.svg"],"assets/icons/lock_illust.svg":["assets/icons/lock_illust.svg"],"assets/icons/main_ring.png":["assets/icons/main_ring.png"],"assets/icons/male.svg":["assets/icons/male.svg"],"assets/icons/marker.png":["assets/icons/marker.png"],"assets/icons/marriage.svg":["assets/icons/marriage.svg"],"assets/icons/mbti_arrow.svg":["assets/icons/mbti_arrow.svg"],"assets/icons/meeting_confirm.png":["assets/icons/meeting_confirm.png"],"assets/icons/more.svg":["assets/icons/more.svg"],"assets/icons/myStatus.svg":["assets/icons/myStatus.svg"],"assets/icons/no.svg":["assets/icons/no.svg"],"assets/icons/openEye.svg":["assets/icons/openEye.svg"],"assets/icons/pastRecommend.svg":["assets/icons/pastRecommend.svg"],"assets/icons/payment.svg":["assets/icons/payment.svg"],"assets/icons/people.svg":["assets/icons/people.svg"],"assets/icons/phone.svg":["assets/icons/phone.svg"],"assets/icons/pink_heart.gif":["assets/icons/pink_heart.gif"],"assets/icons/plus.png":["assets/icons/plus.png"],"assets/icons/plus.svg":["assets/icons/plus.svg"],"assets/icons/q.svg":["assets/icons/q.svg"],"assets/icons/qa.svg":["assets/icons/qa.svg"],"assets/icons/refresh.svg":["assets/icons/refresh.svg"],"assets/icons/ring.svg":["assets/icons/ring.svg"],"assets/icons/search.svg":["assets/icons/search.svg"],"assets/icons/uncheck.svg":["assets/icons/uncheck.svg"],"assets/icons/white_heart.gif":["assets/icons/white_heart.gif"],"assets/icons/yes.svg":["assets/icons/yes.svg"],"assets/photos/couple_flower.png":["assets/photos/couple_flower.png"],"assets/photos/couple_ring.png":["assets/photos/couple_ring.png"],"assets/photos/hand_ring_photo.png":["assets/photos/hand_ring_photo.png"],"assets/photos/heart_chart.png":["assets/photos/heart_chart.png"],"assets/photos/heart_photo.png":["assets/photos/heart_photo.png"],"assets/photos/logo_green.png":["assets/photos/logo_green.png"],"assets/photos/logo_white.png":["assets/photos/logo_white.png"],"assets/photos/mbti_chart.png":["assets/photos/mbti_chart.png"],"assets/photos/prev03_01.png":["assets/photos/prev03_01.png"],"assets/photos/prev03_02.png":["assets/photos/prev03_02.png"],"assets/photos/prev1.png":["assets/photos/prev1.png"],"assets/photos/prev2_01.png":["assets/photos/prev2_01.png"],"assets/photos/prev2_02.png":["assets/photos/prev2_02.png"],"assets/photos/prev2_03.png":["assets/photos/prev2_03.png"],"assets/photos/prev2_04.png":["assets/photos/prev2_04.png"],"assets/photos/prev2_05.png":["assets/photos/prev2_05.png"],"assets/photos/ring_photo.png":["assets/photos/ring_photo.png"],"assets/photos/simbol.png":["assets/photos/simbol.png"],"assets/photos/splash_photo.png":["assets/photos/splash_photo.png"],"assets/photos/wedding_photo.png":["assets/photos/wedding_photo.png"],"packages/cupertino_icons/assets/CupertinoIcons.ttf":["packages/cupertino_icons/assets/CupertinoIcons.ttf"],"packages/iamport_flutter/assets/images/iamport-logo.png":["packages/iamport_flutter/assets/images/iamport-logo.png"]}