[{"family":"MaterialIcons","fonts":[{"asset":"fonts/MaterialIcons-Regular.otf"}]},{"family":"Nunito","fonts":[{"weight":200,"asset":"assets/fonts/nunito/Nunito-ExtraLight.ttf"},{"weight":300,"asset":"assets/fonts/nunito/Nunito-Light.ttf"},{"weight":400,"asset":"assets/fonts/nunito/Nunito-Regular.ttf"},{"weight":500,"asset":"assets/fonts/nunito/Nunito-Medium.ttf"},{"weight":600,"asset":"assets/fonts/nunito/Nunito-SemiBold.ttf"},{"weight":700,"asset":"assets/fonts/nunito/Nunito-Bold.ttf"},{"weight":800,"asset":"assets/fonts/nunito/Nunito-ExtraBold.ttf"},{"weight":900,"asset":"assets/fonts/nunito/Nunito-Black.ttf"}]},{"family":"Godo","fonts":[{"weight":500,"asset":"assets/fonts/godo/GodoM.ttf"},{"weight":700,"asset":"assets/fonts/godo/GodoB.ttf"}]},{"family":"packages/cupertino_icons/CupertinoIcons","fonts":[{"asset":"packages/cupertino_icons/assets/CupertinoIcons.ttf"}]}]